timestamp,cpu_percent,rss_mb
1785751124.830,0.00,36.56
1785751126.832,3.00,37.12
1785751128.833,4.50,39.38
1785751130.836,5.50,39.38
1785751132.837,5.00,39.56
1785751134.840,5.00,39.56
1785751136.842,5.00,39.56
1785751138.844,5.50,39.56
1785751140.845,5.00,39.56
1785751142.848,5.50,39.56
1785751144.849,5.50,39.56
1785751146.851,5.50,39.56
1785751148.853,5.00,39.14
1785751150.855,5.00,39.33
1785751152.857,4.50,39.39
1785751154.859,5.50,39.57
1785751156.861,5.00,39.69
1785751158.864,5.50,39.69
1785751160.865,5.00,39.57
1785751162.868,5.50,39.39
1785751164.869,5.00,39.82
1785751166.872,5.50,40.01
1785751168.873,5.50,39.62
1785751170.876,5.00,39.82
1785751172.877,5.50,39.64
1785751174.880,5.00,39.91
1785751176.881,6.00,40.09
1785751178.884,5.50,40.14
1785751180.885,5.50,40.14
1785751182.888,5.00,40.09
1785751184.889,5.50,40.09
1785751186.891,5.50,40.09
1785751188.893,6.00,39.76
1785751190.893,6.00,40.07
1785751192.896,5.00,39.66
1785751194.897,5.50,39.79
1785751196.900,5.00,39.98
1785751198.901,5.00,39.98
1785751200.904,5.50,39.98
1785751202.905,5.50,40.32
1785751204.908,5.50,40.04
1785751206.909,7.00,40.04
1785751208.912,5.00,40.15
1785751210.913,6.50,39.73
1785751212.916,5.50,40.10
1785751214.917,6.50,40.20
1785751216.918,5.00,40.14
1785751218.918,5.50,40.39
1785751220.920,6.00,40.28
1785751222.922,5.00,39.88
1785751224.922,5.00,40.26
1785751226.923,5.50,40.26
1785751228.925,5.00,39.93
1785751230.928,5.50,40.49
1785751232.929,5.00,40.49
1785751234.932,6.50,41.99
1785751236.933,5.50,42.18
1785751238.936,5.50,42.18
1785751240.937,5.50,42.18
1785751242.940,5.00,42.18
1785751244.941,6.00,42.18
1785751246.942,5.50,42.18
1785751248.944,6.00,42.18
1785751250.945,5.00,42.18
1785751252.948,5.50,42.18
1785751254.949,5.50,42.18
1785751256.952,6.00,42.18
1785751258.953,6.00,43.25
1785751260.956,5.50,43.25
1785751262.957,5.50,43.25
1785751264.960,6.00,43.25
1785751266.961,6.00,43.43
1785751268.963,6.00,43.43
1785751270.965,5.50,43.43
1785751272.967,5.00,43.43
1785751274.969,6.00,43.43
1785751276.972,6.00,43.43
1785751278.973,6.00,43.43
1785751280.976,5.50,43.43
1785751282.977,5.00,43.43
1785751284.979,5.50,43.43
1785751286.981,5.50,43.43
1785751288.981,5.50,43.43
1785751290.983,5.00,43.43
1785751292.985,5.50,43.43
1785751294.988,6.00,43.43
1785751296.989,6.00,43.62
1785751298.990,6.00,43.62
1785751300.991,5.00,43.62
1785751302.993,6.50,43.62
1785751304.995,5.50,43.62
1785751306.997,5.50,43.62
1785751309.000,5.00,43.62
1785751311.001,5.50,43.62
1785751313.004,5.50,43.62
1785751315.005,5.50,43.62
1785751317.008,5.00,43.62
1785751319.009,6.00,43.81
1785751321.012,5.00,43.81
1785751323.013,5.50,43.81
1785751325.016,5.50,43.81
1785751327.018,5.00,43.81
1785751329.019,6.00,43.81
1785751331.021,6.00,43.81
1785751333.021,5.00,43.81
1785751335.024,6.00,45.50
1785751337.025,6.00,45.68
1785751339.028,5.00,46.43
1785751341.029,6.00,47.00
1785751343.032,5.00,47.00
1785751345.033,5.00,47.00
1785751347.036,5.50,47.00
1785751349.037,5.50,47.00
1785751351.040,5.50,47.00
1785751353.041,5.50,47.00
1785751355.043,5.00,47.00
1785751357.045,6.00,47.00
1785751359.045,7.50,47.00
1785751361.047,5.50,47.00
1785751363.049,5.00,47.00
1785751365.052,6.00,49.25
1785751367.053,5.00,49.25
1785751369.056,6.50,50.00
1785751371.058,5.50,50.00
1785751373.060,5.50,50.00
1785751375.061,5.50,50.00
1785751377.062,6.50,50.00
1785751379.065,6.00,50.00
1785751381.065,6.50,50.00
1785751383.068,5.00,50.00
1785751385.069,6.00,50.00
1785751387.071,5.00,50.00
1785751389.073,6.00,50.18
1785751391.075,6.00,50.18
1785751393.077,5.50,50.18
1785751395.080,6.00,50.18
1785751397.081,6.50,50.56
1785751399.084,6.50,50.56
1785751401.085,5.00,50.56
1785751403.088,6.50,50.56
1785751405.089,5.50,50.56
1785751407.092,5.00,50.56
1785751409.093,7.00,50.75
1785751411.096,6.50,50.75
1785751413.097,5.50,50.75
1785751415.099,6.50,50.75
1785751417.101,5.50,50.75
1785751419.104,7.50,50.75
1785751421.105,8.00,50.75
1785751423.108,6.00,50.75
1785751425.109,7.00,50.75
1785751427.112,5.50,50.75
1785751429.113,7.50,50.75
1785751431.116,8.00,50.75
1785751433.117,6.00,50.75
1785751435.120,34.50,50.66
1785751437.121,6.00,50.66
1785751439.124,11.00,51.03
1785751441.125,5.50,51.03
1785751443.128,12.00,51.03
1785751445.129,5.50,51.03
1785751447.132,8.00,51.03
1785751449.134,5.50,51.03
1785751451.136,8.50,51.03
1785751453.137,5.00,51.03
1785751455.137,6.50,51.03
1785751457.140,5.50,51.03
1785751459.141,5.00,51.03
1785751461.144,5.00,51.03
1785751463.145,8.00,51.03
1785751465.148,4.50,51.03
1785751467.149,5.50,51.03
1785751469.151,6.50,51.03
1785751471.153,5.00,51.03
1785751473.156,5.00,51.03
1785751475.157,7.50,51.03
1785751477.159,5.00,51.03
1785751479.161,6.00,51.03
1785751481.161,5.00,53.47
1785751483.164,7.50,53.47
1785751485.165,5.50,53.47
1785751487.168,8.00,53.47
1785751489.169,7.50,53.66
1785751491.171,5.00,53.66
1785751493.173,5.50,53.66
1785751495.173,5.50,53.66
1785751497.176,7.50,53.66
1785751499.177,6.00,53.66
1785751501.178,6.50,53.66
1785751503.181,5.00,53.66
1785751505.181,6.50,53.66
1785751507.184,6.00,53.66
1785751509.185,6.50,53.66
1785751511.188,6.50,53.66
1785751513.189,5.00,53.66
1785751515.192,7.00,53.66
1785751517.193,5.50,53.66
1785751519.196,7.50,53.66
1785751521.197,6.00,53.66
1785751523.200,8.00,53.66
1785751525.201,7.50,53.66
1785751527.204,5.50,53.66
1785751529.205,5.00,53.66
1785751531.207,8.50,53.66
1785751533.209,8.00,53.66
1785751535.211,5.50,53.66
1785751537.213,7.50,53.66
1785751539.213,6.00,53.66
1785751541.216,7.50,53.66
1785751543.217,8.00,53.66
1785751545.220,6.00,53.66
1785751547.221,8.00,53.66
1785751549.223,5.00,53.66
1785751551.225,52.40,55.16
1785751553.228,5.50,55.16
1785751555.229,8.50,56.09
1785751557.232,8.00,56.09
1785751559.233,6.00,56.09
1785751561.236,5.00,56.09
1785751563.237,8.50,56.09
1785751565.240,5.00,56.09
1785751567.241,5.50,56.09
1785751569.243,8.50,56.09
1785751571.245,4.50,56.09
1785751573.248,5.50,56.09
1785751575.249,5.00,56.09
1785751577.252,7.00,56.09
1785751579.253,5.50,56.09
1785751581.256,5.50,56.09
1785751583.257,8.50,56.09
1785751585.260,7.00,57.59
1785751587.261,5.50,57.59
1785751589.264,7.50,57.59
1785751591.265,5.50,57.59
1785751593.268,9.00,57.59
1785751595.269,5.00,57.59
1785751597.272,4.50,57.59
1785751599.273,9.00,57.59
1785751601.276,6.00,57.59
1785751603.277,8.50,57.59
1785751605.280,5.00,57.59
1785751607.281,9.00,57.59
1785751609.282,5.00,57.59
1785751611.284,7.50,57.59
1785751613.285,6.00,57.59
1785751615.288,7.50,57.59
1785751617.289,5.50,57.59
1785751619.292,8.50,57.59
1785751621.293,7.00,57.59
1785751623.296,6.00,57.59
1785751625.297,7.50,57.59
1785751627.299,6.00,57.59
1785751629.301,7.00,57.59
1785751631.303,7.00,57.59
1785751633.305,5.50,57.59
1785751635.308,6.00,57.59
1785751637.309,6.50,57.59
1785751639.310,7.00,57.59
1785751641.312,5.00,57.59
1785751643.313,6.50,57.59
1785751645.315,5.50,57.59
1785751647.317,6.00,57.59
1785751649.319,6.00,57.59
1785751651.321,6.00,57.59
1785751653.324,6.00,57.59
1785751655.325,6.00,57.59
1785751657.327,6.00,57.59
1785751659.329,6.00,57.59
1785751661.332,73.90,58.53
1785751663.333,6.00,58.53
1785751665.335,7.00,58.53
1785751667.337,7.00,59.28
1785751669.340,9.00,59.28
1785751671.341,7.00,59.28
1785751673.344,6.00,59.28
1785751675.345,7.00,59.28
1785751677.348,6.00,59.28
1785751679.349,6.00,59.28
1785751681.352,7.00,59.28
1785751683.353,7.50,59.28
1785751685.356,6.50,59.28
1785751687.358,7.00,59.28
1785751689.360,7.00,59.47
1785751691.361,9.00,59.47
1785751693.364,5.50,59.47
1785751695.365,8.50,59.47
1785751697.368,5.00,59.47
1785751699.369,8.50,59.47
1785751701.372,6.50,59.47
1785751703.374,6.50,59.47
1785751705.376,9.50,59.47
1785751707.377,4.50,59.47
1785751709.380,8.50,59.47
1785751711.381,3.50,59.47
